M1-LLVM-TBI,CXX=clang++,enable_aarch64_tbi="yes"
M1-LLVM-PA,CXX=clang++,enable_aarch64_pa="yes"
M1-LLVM-BTI,CXX=clang++,enable_aarch64_bti="yes"
M1-LLVM-MTE,CXX=clang++,enable_aarch64_mte="yes"
M1-Apple-PA,CXX=c++,enable_arm64e="yes"
M1-LLVM-TBI_WITHOUT_OBJECTFLAGS,CXX=clang++,enable_aarch64_tbi="yes",without_extra_ojbect_safety_options="yes"="yes"
M1-LLVM-PA_WITHOUT_OBJECTFLAGS,CXX=clang++,enable_aarch64_pa="yes",without_extra_ojbect_safety_options="yes"="yes"
M1-LLVM-BTI_WITHOUT_OBJECTFLAGS,CXX=clang++,enable_aarch64_bti="yes",without_extra_ojbect_safety_options="yes"="yes"
M1-LLVM-MTE_WITHOUT_OBJECTFLAGS,CXX=clang++,enable_aarch64_mte="yes",without_extra_ojbect_safety_options="yes"="yes"
M1-Apple-PA_WITHOUT_OBJECTFLAGS,CXX=c++,enable_arm64e="yes",without_extra_ojbect_safety_options="yes"="yes"
