G8-GCC-none,exhausted-run,CXX=g++
G8-GCC-stack,exhausted-run,CXX=g++,enable_stack_protection="yes"
G8-GCC-vtv,exhausted-run,CC=~/Desktop/my_test/gcc_build/bin/gcc,CXX=~/Desktop/my_test/gcc_build/bin/g++,enable_vtable_verify="yes"
G8-GCC-CET,exhausted-run,CXX=g++,enable_cet_shadow_stack="yes"
G8-GCC-full,exhausted-run,CC=~/Desktop/my_test/gcc_build/bin/gcc,CXX=~/Desktop/my_test/gcc_build/bin/g++,enable_vtable_verify="yes",enable_stack_protection="yes",enable_cet_shadow_stack="yes",enable_fortify_source="yes"
G8-LLVM-full,exhausted-run,CXX=clang++,enable_stack_protection="yes",enable_cet_shadow_stack="yes",enable_fortify_source="yes"
G8-GCC-none,fast-run,CXX=g++
G8-GCC-stack,fast-run,CXX=g++,enable_stack_protection="yes"
G8-GCC-vtv,fast-run,CC=~/Desktop/my_test/gcc_build/bin/gcc,CXX=~/Desktop/my_test/gcc_build/bin/g++,enable_vtable_verify="yes"
G8-GCC-CET,fast-run,CXX=g++,enable_cet_shadow_stack="yes"
G8-GCC-full,fast-run,CC=~/Desktop/my_test/gcc_build/bin/gcc,CXX=~/Desktop/my_test/gcc_build/bin/g++,enable_vtable_verify="yes",enable_stack_protection="yes",enable_cet_shadow_stack="yes",enable_fortify_source="yes"
G8-LLVM-full,fast-run,CXX=clang++,enable_stack_protection="yes",enable_cet_shadow_stack="yes",enable_fortify_source="yes"
