X86-64-Lin-G,CXX=g++
X86-64-Lin-L,CXX=clang++
GCC-ASan-address,CXX=g++,enable_default_address_sanitizer="yes"
LLVM-ASan-address,CXX=clang++,enable_default_address_sanitizer="yes"
GCC-ASan-undefined,CXX=g++,enable_undefined_sanitizer="yes"
LLVM-ASan-undefined,CXX=clang++,enable_undefined_sanitizer="yes"
GCC-ASan-full,CXX=g++,enable_full_address_sanitizer="yes",enable_full_undefined_sanitizer="yes"
LLVM-ASan-full,CXX=clang++,enable_full_address_sanitizer="yes",enable_full_undefined_sanitizer="yes"
G12-GCC-stack,CXX=g++,enable_stack_protection="yes",enable_stack_clash_protection="yes"
G12-GCC-CET,CXX=g++,enable_cet_shadow_stack="yes",GLIBC_TUNABLES=glibc.cpu.hwcaps=SHSTK
G12-GCC-FULL,CC=~/Desktop/my_test/gcc_build/bin/gcc,CXX=~/Desktop/my_test/gcc_build/bin/g++,enable_stack_protection="yes",enable_stack_clash_protection="yes",enable_cet_shadow_stack="yes",GLIBC_TUNABLES=glibc.cpu.hwcaps=SHSTK,enable_vtable_verify="yes"
G12-LLVM-full,CXX=clang++,enable_stack_protection="yes",enable_stack_clash_protection="yes",enable_cet_shadow_stack="yes",GLIBC_TUNABLES=glibc.cpu.hwcaps=SHSTK
G12-GCC-vtv,CC=~/Desktop/my_test/gcc_build/bin/gcc,CXX=~/Desktop/my_test/gcc_build/bin/g++,enable_vtable_verify="yes"
