Armv8.5-Lin-G,CXX=g++
Armv8.5-Lin-L,CXX=clang++
G3-GCC-TBI,CXX=g++,enable_aarch64_tbi="yes"
G3-GCC-PA,CXX=g++,enable_aarch64_pa="yes"
G3-GCC-BTI,CXX=g++,enable_aarch64_bti="yes"
G3-GCC-MTE,CXX=g++,enable_aarch64_mte="yes"
G3-LLVM-TBI,CXX=clang++,enable_aarch64_tbi="yes"
G3-LLVM-PA,CXX=clang++,enable_aarch64_pa="yes"
G3-LLVM-BTI,CXX=clang++,enable_aarch64_bti="yes"
G3-LLVM-MTE,CXX=clang++,enable_aarch64_mte="yes"
Armv8.5-Lin-G_WITHOUT_OBJECTFLAGS,CXX=g++,without_extra_ojbect_safety_options="yes"="yes"
Armv8.5-Lin-L_WITHOUT_OBJECTFLAGS,CXX=clang++,without_extra_ojbect_safety_options="yes"="yes"
G3-GCC-TBI_WITHOUT_OBJECTFLAGS,CXX=g++,enable_aarch64_tbi="yes",without_extra_ojbect_safety_options="yes"="yes"
G3-GCC-PA_WITHOUT_OBJECTFLAGS,CXX=g++,enable_aarch64_pa="yes",without_extra_ojbect_safety_options="yes"="yes"
G3-GCC-BTI_WITHOUT_OBJECTFLAGS,CXX=g++,enable_aarch64_bti="yes",without_extra_ojbect_safety_options="yes"="yes"
G3-GCC-MTE_WITHOUT_OBJECTFLAGS,CXX=g++,enable_aarch64_mte="yes",without_extra_ojbect_safety_options="yes"="yes"
G3-LLVM-TBI_WITHOUT_OBJECTFLAGS,CXX=clang++,enable_aarch64_tbi="yes",without_extra_ojbect_safety_options="yes"="yes"
G3-LLVM-PA_WITHOUT_OBJECTFLAGS,CXX=clang++,enable_aarch64_pa="yes",without_extra_ojbect_safety_options="yes"="yes"
G3-LLVM-BTI_WITHOUT_OBJECTFLAGS,CXX=clang++,enable_aarch64_bti="yes",without_extra_ojbect_safety_options="yes"="yes"
G3-LLVM-MTE_WITHOUT_OBJECTFLAGS,CXX=clang++,enable_aarch64_mte="yes",without_extra_ojbect_safety_options="yes"="yes"
