RV-UL-Lin-G,exhausted-run,CXX=g++
RV-UL-Lin-L,exhausted-run,CXX=clang++
RV-UL-gcc-full,exhausted-run,CXX=g++,enable_stack_protection="yes",enable_stack_clash_protection="yes",enable_fortify_source="yes"
RV-UL-llvm-full,exhausted-run,CXX=g++,enable_stack_protection="yes",enable_stack_clash_protection="yes",enable_fortify_source="yes"
RV-Asan-gcc-full,exhausted-run,CXX=g++,enable_full_address_sanitizer="yes",enable_full_undefined_sanitizer="yes"
RV-Asan-llvm-full,exhausted-run,CXX=clang++,enable_full_address_sanitizer="yes",enable_full_undefined_sanitizer="yes"
RV-UL-Lin-G,fast-run,CXX=g++
RV-UL-Lin-L,fast-run,CXX=clang++
RV-UL-gcc-full,fast-run,CXX=g++,enable_stack_protection="yes",enable_stack_clash_protection="yes",enable_fortify_source="yes"
RV-UL-llvm-full,fast-run,CXX=g++,enable_stack_protection="yes",enable_stack_clash_protection="yes",enable_fortify_source="yes"
RV-Asan-gcc-full,fast-run,CXX=g++,enable_full_address_sanitizer="yes",enable_full_undefined_sanitizer="yes"
RV-Asan-llvm-full,fast-run,CXX=clang++,enable_full_address_sanitizer="yes",enable_full_undefined_sanitizer="yes"
